{
  "timestamp": "2026-02-11T01:07:27.944075+00:00",
  "results_dir": "/home/thiago/Dev/Git/benchmark-mcp-servers/benchmark/results/20260210_214524",
  "config": {
    "vus": 50,
    "duration": "5m",
    "cpu_limit": "1.0",
    "memory_limit": "1G"
  },
  "servers": {
    "python": {
      "http": {
        "total_requests": 96690,
        "failed_requests": 0,
        "rps": 302.03227096943067,
        "latency": {
          "avg": 25.326398354721373,
          "min": 1.437829,
          "max": 174.875935,
          "p90": 48.804577900000034,
          "p95": 70.33654905
        }
      },
      "mcp": {
        "total_mcp_requests": 64460,
        "mcp_errors": 0,
        "error_rate": 0
      },
      "tools": {
        "calculate_fibonacci": {
          "avg": 29.877980117437247,
          "min": 2.932996,
          "max": 85.141928,
          "p90": 45.1064725,
          "p95": 51.25798625
        },
        "fetch_external_data": {
          "avg": 77.05978145113228,
          "min": 10.561088,
          "max": 174.875935,
          "p90": 103.7208445,
          "p95": 110.33303624999999
        },
        "process_json_data": {
          "avg": 33.19140817282036,
          "min": 2.958568,
          "max": 96.491839,
          "p90": 45.711697,
          "p95": 53.30654775
        },
        "simulate_database_query": {
          "avg": 41.57210796106104,
          "min": 12.164955,
          "max": 102.290654,
          "p90": 58.347687500000006,
          "p95": 63.98083075
        },
        "_initialize": {
          "avg": 24.72879814330594,
          "min": 1.704545,
          "max": 97.734196,
          "p90": 39.662414500000004,
          "p95": 46.45389144999998
        },
        "_tools_list": {
          "avg": 27.73554511417939,
          "min": 2.816795,
          "max": 95.103463,
          "p90": 42.04735650000001,
          "p95": 47.16003725
        }
      },
      "resources": {
        "cpu": {
          "avg": 93.91,
          "max": 101.9,
          "min": 0.14
        },
        "memory_mb": {
          "avg": 104.53,
          "max": 106.35,
          "min": 90.0
        }
      }
    },
    "go": {
      "http": {
        "total_requests": 519620,
        "failed_requests": 0,
        "rps": 1623.7862948394895,
        "latency": {
          "avg": 0.8579010287229244,
          "min": 0.044142,
          "max": 89.981984,
          "p90": 0.963941200000001,
          "p95": 10.15361285
        }
      },
      "mcp": {
        "total_mcp_requests": 259810,
        "mcp_errors": 0,
        "error_rate": 0
      },
      "tools": {
        "calculate_fibonacci": {
          "avg": 0.4004256653708467,
          "min": 0.097446,
          "max": 3.229215,
          "p90": 0.706432,
          "p95": 1.111833
        },
        "fetch_external_data": {
          "avg": 1.265459795542901,
          "min": 0.393314,
          "max": 9.109111,
          "p90": 1.934832,
          "p95": 3.170477
        },
        "process_json_data": {
          "avg": 0.4436404567568592,
          "min": 0.120732,
          "max": 81.138573,
          "p90": 0.731564,
          "p95": 0.997398
        },
        "simulate_database_query": {
          "avg": 10.733460085408494,
          "min": 10.107005,
          "max": 89.981984,
          "p90": 11.087334,
          "p95": 11.255058
        },
        "_initialize": {
          "avg": 0.3640469873368945,
          "min": 0.080249,
          "max": 80.230967,
          "p90": 0.6832353999999999,
          "p95": 0.8990556999999997
        },
        "_tools_list": {
          "avg": 0.7016583272776272,
          "min": 0.219717,
          "max": 69.772601,
          "p90": 0.890843,
          "p95": 0.979188
        }
      },
      "resources": {
        "cpu": {
          "avg": 32.4,
          "max": 55.1,
          "min": 0.0
        },
        "memory_mb": {
          "avg": 17.54,
          "max": 19.38,
          "min": 9.11
        }
      }
    },
    "nodejs": {
      "http": {
        "total_requests": 179070,
        "failed_requests": 0,
        "rps": 559.478555508923,
        "latency": {
          "avg": 10.559889824113291,
          "min": 0.645466,
          "max": 86.144242,
          "p90": 43.37152730000003,
          "p95": 52.97985299999999
        }
      },
      "mcp": {
        "total_mcp_requests": 119380,
        "mcp_errors": 0,
        "error_rate": 0
      },
      "tools": {
        "calculate_fibonacci": {
          "avg": 7.118623490031843,
          "min": 0.743891,
          "max": 70.404485,
          "p90": 8.689728500000005,
          "p95": 46.16822964999999
        },
        "fetch_external_data": {
          "avg": 18.905954378204097,
          "min": 1.330827,
          "max": 86.144242,
          "p90": 56.5926015,
          "p95": 61.08662585
        },
        "process_json_data": {
          "avg": 7.316307535851895,
          "min": 0.769851,
          "max": 67.707971,
          "p90": 8.786680900000002,
          "p95": 47.137516549999994
        },
        "simulate_database_query": {
          "avg": 26.6277269364215,
          "min": 9.905538,
          "max": 81.034105,
          "p90": 59.72981020000002,
          "p95": 63.4047664
        },
        "_initialize": {
          "avg": 9.121717868445357,
          "min": 0.660102,
          "max": 80.590129,
          "p90": 14.686552700000005,
          "p95": 50.810442599999995
        },
        "_tools_list": {
          "avg": 7.494179506198714,
          "min": 0.900755,
          "max": 65.959144,
          "p90": 8.5571768,
          "p95": 47.2709325
        }
      },
      "resources": {
        "cpu": {
          "avg": 98.59,
          "max": 104.16,
          "min": 0.02
        },
        "memory_mb": {
          "avg": 106.96,
          "max": 110.41,
          "min": 87.19
        }
      }
    },
    "java": {
      "http": {
        "total_requests": 518160,
        "failed_requests": 0,
        "rps": 1618.9893901496343,
        "latency": {
          "avg": 0.8483703744557466,
          "min": 0.055091,
          "max": 58.881985,
          "p90": 0.9858893000000001,
          "p95": 10.192328499999999
        }
      },
      "mcp": {
        "total_mcp_requests": 259080,
        "mcp_errors": 0,
        "error_rate": 0
      },
      "tools": {
        "calculate_fibonacci": {
          "avg": 0.40040030372857727,
          "min": 0.112598,
          "max": 33.533163,
          "p90": 0.7754369,
          "p95": 0.9242178999999998
        },
        "fetch_external_data": {
          "avg": 1.4078563000617612,
          "min": 0.549124,
          "max": 50.014854,
          "p90": 2.658419,
          "p95": 2.99098595
        },
        "process_json_data": {
          "avg": 0.37449950007719524,
          "min": 0.122009,
          "max": 47.075244,
          "p90": 0.7535819,
          "p95": 0.9442527999999997
        },
        "simulate_database_query": {
          "avg": 10.371090944148522,
          "min": 10.154723,
          "max": 52.286026,
          "p90": 10.4941013,
          "p95": 10.601678
        },
        "_initialize": {
          "avg": 0.4095247898525555,
          "min": 0.109423,
          "max": 58.881985,
          "p90": 0.7886271,
          "p95": 1.0162554
        },
        "_tools_list": {
          "avg": 0.2931512295429964,
          "min": 0.104866,
          "max": 44.176995,
          "p90": 0.3639962,
          "p95": 0.560329599999997
        }
      },
      "resources": {
        "cpu": {
          "avg": 30.04,
          "max": 97.77,
          "min": 0.18
        },
        "memory_mb": {
          "avg": 232.49,
          "max": 242.87,
          "min": 209.69
        }
      }
    }
  },
  "rankings": {
    "latency_avg": [
      "java",
      "go",
      "nodejs",
      "python"
    ],
    "latency_p95": [
      "go",
      "java",
      "nodejs",
      "python"
    ],