{
  "timestamp": "2026-02-10T21:44:56.262601+00:00",
  "results_dir": "/home/thiago/Dev/Git/benchmark-mcp-servers/benchmark/results/20260210_182244",
  "config": {
    "vus": 50,
    "duration": "5m",
    "cpu_limit": "1.0",
    "memory_limit": "1G"
  },
  "servers": {
    "python": {
      "http": {
        "total_requests": 95835,
        "failed_requests": 0,
        "rps": 299.39629132275314,
        "latency": {
          "avg": 25.603060450785403,
          "min": 1.541538,
          "max": 149.515305,
          "p90": 49.4706806,
          "p95": 70.5891124
        }
      },
      "mcp": {
        "total_mcp_requests": 63890,
        "mcp_errors": 0,
        "error_rate": 0
      },
      "tools": {
        "calculate_fibonacci": {
          "avg": 30.160976551886037,
          "min": 2.989978,
          "max": 104.17812,
          "p90": 45.0704196,
          "p95": 52.0408612
        },
        "fetch_external_data": {
          "avg": 77.56434683675064,
          "min": 10.558719,
          "max": 149.515305,
          "p90": 106.069192,
          "p95": 112.41947219999999
        },
        "process_json_data": {
          "avg": 33.33250095993101,
          "min": 2.970585,
          "max": 98.4944,
          "p90": 46.7861584,
          "p95": 55.705376599999994
        },
        "simulate_database_query": {
          "avg": 41.94808260870232,
          "min": 12.290275,
          "max": 113.033073,
          "p90": 58.5534196,
          "p95": 65.5072374
        },
        "_initialize": {
          "avg": 24.867513775747305,
          "min": 1.699443,
          "max": 114.04732,
          "p90": 40.094995999999995,
          "p95": 47.01907775
        },
        "_tools_list": {
          "avg": 28.571757924870795,
          "min": 2.803464,
          "max": 101.290532,
          "p90": 43.374477,
          "p95": 48.9501594
        }
      },
      "resources": {
        "cpu": {
          "avg": 94.3,
          "max": 101.65,
          "min": 0.15
        },
        "memory_mb": {
          "avg": 91.15,
          "max": 93.61,
          "min": 82.04
        }
      }
    },
    "go": {
      "http": {
        "total_requests": 518440,
        "failed_requests": 0,
        "rps": 1619.6807984766315,
        "latency": {
          "avg": 0.8657021479959239,
          "min": 0.044481,
          "max": 12.643744,
          "p90": 1.0119718000000002,
          "p95": 9.789781649995811
        }
      },
      "mcp": {
        "total_mcp_requests": 259220,
        "mcp_errors": 0,
        "error_rate": 0
      },
      "tools": {
        "calculate_fibonacci": {
          "avg": 0.39007091235244196,
          "min": 0.108178,
          "max": 2.341767,
          "p90": 0.6267826,
          "p95": 0.7205928499999996
        },
        "fetch_external_data": {
          "avg": 1.3488080134634644,
          "min": 0.384869,
          "max": 9.771797,
          "p90": 1.7749055000000002,
          "p95": 1.9746275499999995
        },
        "process_json_data": {
          "avg": 0.4560598824164779,
          "min": 0.130878,
          "max": 3.790294,
          "p90": 0.7157422000000001,
          "p95": 0.8138777999999998
        },
        "simulate_database_query": {
          "avg": 10.744615091736668,
          "min": 10.13149,
          "max": 12.643744,
          "p90": 11.2772059,
          "p95": 11.44171385
        },
        "_initialize": {
          "avg": 0.3635158476872947,
          "min": 0.092148,
          "max": 4.097607,
          "p90": 0.6769845000000001,
          "p95": 0.8015055999999992
        },
        "_tools_list": {
          "avg": 0.7557690433222775,
          "min": 0.219953,
          "max": 4.090535,
          "p90": 1.0263811,
          "p95": 1.12867875
        }
      },
      "resources": {
        "cpu": {
          "avg": 32.98,
          "max": 39.17,
          "min": 0.0
        },
        "memory_mb": {
          "avg": 17.52,
          "max": 19.78,
          "min": 9.03
        }
      }
    },
    "nodejs": {
      "http": {
        "total_requests": 175560,
        "failed_requests": 0,
        "rps": 548.4436544885388,
        "latency": {
          "avg": 10.905056828668407,
          "min": 0.659843,
          "max": 90.316617,
          "p90": 44.00852420000001,
          "p95": 53.240185199999985
        }
      },
      "mcp": {
        "total_mcp_requests": 117040,
        "mcp_errors": 0,
        "error_rate": 0
      },
      "tools": {
        "calculate_fibonacci": {
          "avg": 7.233474469583035,
          "min": 0.785591,
          "max": 68.766482,
          "p90": 8.8137445,
          "p95": 45.90014445
        },
        "fetch_external_data": {
          "avg": 19.6302691861757,
          "min": 1.413986,
          "max": 90.316617,
          "p90": 57.36553790000001,
          "p95": 61.28977065
        },
        "process_json_data": {
          "avg": 7.5854579413021135,
          "min": 0.790555,
          "max": 68.628484,
          "p90": 9.38051300000001,
          "p95": 46.932912550000005
        },
        "simulate_database_query": {
          "avg": 26.781211714798452,
          "min": 9.947603,
          "max": 81.171411,
          "p90": 59.7428632,
          "p95": 63.66895675000001
        },
        "_initialize": {
          "avg": 9.487449666673854,
          "min": 0.659843,
          "max": 78.667895,
          "p90": 19.6068315,
          "p95": 50.9066495
        },
        "_tools_list": {
          "avg": 7.694506099538632,
          "min": 0.901896,
          "max": 66.147621,
          "p90": 8.874746700000005,
          "p95": 47.3030598
        }
      },
      "resources": {
        "cpu": {
          "avg": 98.69,
          "max": 104.66,
          "min": 0.01
        },
        "memory_mb": {
          "avg": 113.47,
          "max": 117.59,
          "min": 92.39
        }
      }
    },
    "java": {
      "http": {
        "total_requests": 519820,
        "failed_requests": 0,
        "rps": 1624.2008789750805,
        "latency": {
          "avg": 0.8369880709437895,
          "min": 0.058081,
          "max": 77.689585,
          "p90": 0.9793906000000006,
          "p95": 10.197491049999998
        }
      },
      "mcp": {
        "total_mcp_requests": 259910,
        "mcp_errors": 0,
        "error_rate": 0
      },
      "tools": {
        "calculate_fibonacci": {
          "avg": 0.3611506607287135,
          "min": 0.122278,
          "max": 36.775354,
          "p90": 0.693967,
          "p95": 0.8737095
        },
        "fetch_external_data": {
          "avg": 1.3102106555730781,
          "min": 0.546306,
          "max": 40.140086,
          "p90": 2.304131,
          "p95": 2.78297
        },
        "process_json_data": {
          "avg": 0.352302060674847,
          "min": 0.132216,
          "max": 63.823984,
          "p90": 0.641463,
          "p95": 0.912087
        },
        "simulate_database_query": {
          "avg": 10.38060211330841,
          "min": 10.159169,
          "max": 77.689585,
          "p90": 10.477995,
          "p95": 10.6085405
        },
        "_initialize": {
          "avg": 0.3817439442595475,
          "min": 0.109323,
          "max": 44.340586,
          "p90": 0.7033225999999999,
          "p95": 0.91410355
        },
        "_tools_list": {
          "avg": 0.3241982046092894,
          "min": 0.114462,
          "max": 55.26904,
          "p90": 0.375692,
          "p95": 0.5933915000000001
        }
      },
      "resources": {
        "cpu": {
          "avg": 28.33,
          "max": 95.02,
          "min": 0.14
        },
        "memory_mb": {
          "avg": 220.95,
          "max": 236.55,
          "min": 202.54
        }
      }
    }
  },
  "rankings": {
    "latency_avg": [
      "java",
      "go",
      "nodejs",
      "python"
    ],
    "latency_p95": [
      "go",
      "java",
      "nodejs",
      "python"
    ],