{
  "timestamp": "2026-02-11T00:45:24.769312+00:00",
  "results_dir": "/home/thiago/Dev/Git/benchmark-mcp-servers/benchmark/results/20260210_212323",
  "config": {
    "vus": 50,
    "duration": "5m",
    "cpu_limit": "1.0",
    "memory_limit": "1G"
  },
  "servers": {
    "python": {
      "http": {
        "total_requests": 88080,
        "failed_requests": 0,
        "rps": 275.21147112507293,
        "latency": {
          "avg": 28.428271736126405,
          "min": 1.587972,
          "max": 233.870354,
          "p90": 54.191919500000026,
          "p95": 78.7661971
        }
      },
      "mcp": {
        "total_mcp_requests": 58720,
        "mcp_errors": 0,
        "error_rate": 0
      },
      "tools": {
        "calculate_fibonacci": {
          "avg": 32.444161674046356,
          "min": 3.052886,
          "max": 101.815551,
          "p90": 47.12318730000003,
          "p95": 54.456754999999994
        },
        "fetch_external_data": {
          "avg": 88.14155271662129,
          "min": 10.685677,
          "max": 233.870354,
          "p90": 120.3752517,
          "p95": 126.9862465
        },
        "process_json_data": {
          "avg": 36.18114402963216,
          "min": 2.900836,
          "max": 105.044002,
          "p90": 49.1890248,
          "p95": 56.91023995
        },
        "simulate_database_query": {
          "avg": 44.20477538743183,
          "min": 12.840028,
          "max": 133.259512,
          "p90": 62.76296600000002,
          "p95": 69.39839704999999
        },
        "_initialize": {
          "avg": 27.76392840646287,
          "min": 1.739655,
          "max": 100.248989,
          "p90": 45.205535,
          "p95": 53.32456444999996
        },
        "_tools_list": {
          "avg": 30.322934439713872,
          "min": 2.793278,
          "max": 97.987401,
          "p90": 46.0690606,
          "p95": 53.44540549999999
        }
      },
      "resources": {
        "cpu": {
          "avg": 93.37,
          "max": 101.99,
          "min": 0.14
        },
        "memory_mb": {
          "avg": 101.66,
          "max": 108.39,
          "min": 91.01
        }
      }
    },
    "go": {
      "http": {
        "total_requests": 520940,
        "failed_requests": 0,
        "rps": 1627.777962814608,
        "latency": {
          "avg": 0.8423704526068158,
          "min": 0.045209,
          "max": 81.044044,
          "p90": 0.9504248000000003,
          "p95": 10.148079349999998
        }
      },
      "mcp": {
        "total_mcp_requests": 260470,
        "mcp_errors": 0,
        "error_rate": 0
      },
      "tools": {
        "calculate_fibonacci": {
          "avg": 0.37478280396974495,
          "min": 0.10257,
          "max": 4.148405,
          "p90": 0.6193304000000002,
          "p95": 0.7269981999999999
        },
        "fetch_external_data": {
          "avg": 1.2611107227703837,
          "min": 0.384929,
          "max": 11.460945,
          "p90": 1.673199200000001,
          "p95": 1.9447515999999985
        },
        "process_json_data": {
          "avg": 0.42877852777671466,
          "min": 0.131194,
          "max": 2.609134,
          "p90": 0.6845516000000003,
          "p95": 0.7864998999999997
        },
        "simulate_database_query": {
          "avg": 10.664224203900684,
          "min": 10.103111,
          "max": 81.044044,
          "p90": 11.153793,
          "p95": 11.322027399999998
        },
        "_initialize": {
          "avg": 0.3448442119054056,
          "min": 0.091353,
          "max": 5.82158,
          "p90": 0.6429182,
          "p95": 0.7746805999999999
        },
        "_tools_list": {
          "avg": 0.7145843114754105,
          "min": 0.221954,
          "max": 71.243093,
          "p90": 0.9578248,
          "p95": 1.0493464999999997
        }
      },
      "resources": {
        "cpu": {
          "avg": 31.66,
          "max": 42.64,
          "min": 0.0
        },
        "memory_mb": {
          "avg": 18.47,
          "max": 20.62,
          "min": 9.15
        }
      }
    },
    "nodejs": {
      "http": {
        "total_requests": 179520,
        "failed_requests": 0,
        "rps": 560.9046881218806,
        "latency": {
          "avg": 10.516782329940927,
          "min": 0.653238,
          "max": 90.07287,
          "p90": 43.537341100000006,
          "p95": 53.50069824999999
        }
      },
      "mcp": {
        "total_mcp_requests": 119680,
        "mcp_errors": 0,
        "error_rate": 0
      },
      "tools": {
        "calculate_fibonacci": {
          "avg": 6.964242221758014,
          "min": 0.731462,
          "max": 79.226116,
          "p90": 8.239603300000002,
          "p95": 46.7081188
        },
        "fetch_external_data": {
          "avg": 19.018964438586245,
          "min": 1.341376,
          "max": 86.239251,
          "p90": 57.51393840000001,
          "p95": 61.75528195
        },
        "process_json_data": {
          "avg": 7.326080948947162,
          "min": 0.789767,
          "max": 65.761998,
          "p90": 8.727514900000006,
          "p95": 47.60625674999999
        },
        "simulate_database_query": {
          "avg": 26.72214971457221,
          "min": 10.010929,
          "max": 89.049176,
          "p90": 59.93316110000002,
          "p95": 63.702346150000004
        },
        "_initialize": {
          "avg": 9.04403318752084,
          "min": 0.653238,
          "max": 88.267736,
          "p90": 13.957257200000031,
          "p95": 51.30552055
        },
        "_tools_list": {
          "avg": 7.48738089572192,
          "min": 0.854478,
          "max": 72.050807,
          "p90": 8.467811300000012,
          "p95": 48.01975755
        }
      },
      "resources": {
        "cpu": {
          "avg": 98.73,
          "max": 104.07,
          "min": 0.02
        },
        "memory_mb": {
          "avg": 110.25,
          "max": 114.19,
          "min": 89.06
        }
      }
    },
    "java": {
      "http": {
        "total_requests": 521540,
        "failed_requests": 0,
        "rps": 1629.5976735353906,
        "latency": {
          "avg": 0.8210357822640457,
          "min": 0.05379,
          "max": 67.520045,
          "p90": 0.9593118000000003,
          "p95": 10.193943849999995
        }
      },
      "mcp": {
        "total_mcp_requests": 260770,
        "mcp_errors": 0,
        "error_rate": 0
      },
      "tools": {
        "calculate_fibonacci": {
          "avg": 0.34649213843616794,
          "min": 0.128477,
          "max": 44.260145,
          "p90": 0.6329158000000001,
          "p95": 0.8400493999999985
        },
        "fetch_external_data": {
          "avg": 1.230660416037121,
          "min": 0.490874,
          "max": 67.063582,
          "p90": 2.112487800000001,
          "p95": 2.631662399999999
        },
        "process_json_data": {
          "avg": 0.32979514648924313,
          "min": 0.126513,
          "max": 54.911516,
          "p90": 0.48404720000000007,
          "p95": 0.8400643999999996
        },
        "simulate_database_query": {
          "avg": 10.371945419296685,
          "min": 10.140845,
          "max": 67.060132,
          "p90": 10.460142000000001,
          "p95": 10.581399999999999
        },
        "_initialize": {
          "avg": 0.3667489154906657,
          "min": 0.114511,
          "max": 30.41111,
          "p90": 0.6647445000000001,
          "p95": 0.8710417499999995
        },
        "_tools_list": {
          "avg": 0.3134844846799862,
          "min": 0.110615,
          "max": 55.945169,
          "p90": 0.36613180000000023,
          "p95": 0.5513017999999993
        }
      },
      "resources": {
        "cpu": {
          "avg": 28.52,
          "max": 100.26,
          "min": 1.55
        },
        "memory_mb": {
          "avg": 224.71,
          "max": 229.14,
          "min": 194.43
        }
      }
    }
  },